username,description,user_char,source_author_id,tweet_count,sampled_tweets,generation_error
user_1066212000601186306,"The user is from Brazil, expressing strong anti-lockdown and anti-COVID-19 sentiment, often using informal language and internet slang. They frequently mention the virus in relation to travel, personal health, and political figures.","The user has a sarcastic and confrontational tone, showing defiance towards government measures and public health guidelines while maintaining respect for certain social causes. They engage interactively with others, often using humor and memes.",1066212000601186306,20,"[""Que Deus me perdoe mas que todo mundo que tá indo pra essas “manifestações” por aí se foda muito! Corona vírus faça o que for preciso."", ""Acho que a ravi me passou coronga vírus"", ""Coragem de ir/fazer manifestação no BR onde estão morrendo mil pessoas por dia, ou uma pessoa por minuto. coragem.... respeito a causa, mas o covid não respeita!"", ""Coronga trate de acabar logo quero passar uma semana viajando com meu namorado"", ""É oficial: ravi me passou coronga vírus 🦠"", ""Não vejo a hora do coronga acabar e eu voltar a ir pro bingo"", ""TBT 😍 vou comprar uma passagem p vc no cartão do Bolsonaro quando ele acabar com o corona usando a cloroquina ok https://t.co/zIKmxpZ2gQ"", ""Fui infectada pelo mocoronga vírus"", ""É oficial: ravi me passou coronga vírus 🦠"", ""@tiktokproibido Foi aí que o corona nasceu"", ""Ainda vejo pessoas falando que “querem nos assustar mostrando o número de óbitos no br” ?????????????!? Se isso não te assusta vc é pior q o corona vírus parça"", ""Coragem de ir/fazer manifestação no BR onde estão morrendo mil pessoas por dia, ou uma pessoa por minuto. coragem.... respeito a causa, mas o covid não respeita!"", ""Ano q vem tem vingança no corona https://t.co/VkyLE9Q9RX"", ""O congresso nacional trouxeram o vírus pra rasgar o cu do mito 😂😂😂😂😂😂😂 https://t.co/NLCMsdUaXo"", ""Vamos já pro hospital. Vocês pensam que é brincadeira é kkkkkk a ravi tava na Europa... coronga está presente""]",
user_1086299945781641216,"The user engages in conspiracy theories and expresses skepticism about government actions during the COVID-19 pandemic, often questioning official information and promoting alternative views.","Skeptical and confrontational, the user frequently challenges established narratives and authorities, showing a tendency to spread unverified information and conspiracy theories.",1086299945781641216,20,"[""Acordar pra ouvir empresário falando na Rádio Difusora que as pessoas estão se contaminando com covid em casa e não nas ruas. Comparando H1N1 com covid e estimulando as pessoas a tomar cloroquina e azitromicina por conta própria."", ""Alguém acredita que não haja realmente nenhum caso de Covid em Palmeira?"", ""Vereador bolsonarista, contra o isolamento social, testa positivo para covid e fica em pânico, tem alta de pressão e vai parar no hospital. Confere?"", ""Passo Fundo se torna notória pela ignorância do povo... Desde a caravana do Lula que penso isso! Aí o prefeito dá entrevista dizendo que \""tenta entender pq tantos mortos por Covid-19\""... Sério?"", ""Pensei que já havia sofrido tudo o que podia por esse país, mas não... E olha, não estou falando do vírus!"", ""Gente enquanto os mortos pelo corona não começarem a levantar, ainda estamos no lucro. Fãs de TWD estão com o cu que não passa um alfinete."", ""Pensei que já havia sofrido tudo o que podia por esse país, mas não... E olha, não estou falando do vírus!"", ""Já temos quase 20 mil casos e mil mortes por Covid no Brasil. E seguimos fingindo que nada está acontecendo... A merda que vai dar, meu pai!"", ""Já temos quase 20 mil casos e mil mortes por Covid no Brasil. E seguimos fingindo que nada está acontecendo... A merda que vai dar, meu pai!"", ""Nas últimas 24 horas morreram 204 pessoas pelo Covid. Que puder fica em casa gente... É sério..."", ""@cris_antunesss Não, meu tweet perguntando se era verdade que um vereador bolsonarista havia pego covid."", ""Depois da facada fake será que estamos vivendo o covid fake?"", ""Vereador bolsonarista, contra o isolamento social, testa positivo para covid e fica em pânico, tem alta de pressão e vai parar no hospital. Confere?"", ""Nas últimas 24 horas morreram 204 pessoas pelo Covid. Que puder fica em casa gente... É sério..."", ""Depois da facada fake será que estamos vivendo o covid fake?""]",
user_1102261431699951616,"The user is highly critical of China and its alleged role in spreading the virus, often blaming them for economic downturns and deaths worldwide. They are skeptical of vaccines and government actions during the pandemic.","The tone is angry and conspiratorial, with a strong anti-Chinese sentiment. The user frequently engages in heated debates and criticizes public figures and institutions.",1102261431699951616,20,"[""Chine espalha e mata milhares pelo mundo. E agora é o único que esta faturando bilhões de dolares com o vírus que espalhou. Assassino https://t.co/WAwvBSuF8d"", ""@RenovaMidia A culpa é da china e das merdas que eles comeram. A china tem que pagar pelas mortes e prejuízos que causo no mundo todo. A china é culpa pelo maldito vírus, seu imbecil."", ""@SF_Moro Mentira. Bairros que fecharam comércio e pessoas presas dentro de casa. Ninguém nas ruas. O vírus aumentou. Todos os dias Vc é um incompetente e irresponsável"", ""Se esse fdpp chineses subornaram antes. Imagina agora que eles mentiram, mataram, espalharam e destruíram milhares de famílias Isso é uma prova que esse vírus desgracado chinês foi fabricado em laboratório Qto doriana esta ganhando para usar os paulistas de cobaia? https://t.co/lIXppeBL3E"", ""Qual a verdade que ninguém quer falar sobre esse vírus? Por que força as pessoas a tomarem uma vacina? O que estão escondendo? Qual deformação esse vírus irá causar na população? https://t.co/4Baf1IiglY"", ""@RenovaMidia Nhonho, deixe de ser canalha e bosta. Prefere que o povo morra para governadores e prefeitos roubarem mais Seu imbecil o presidente uso e mostrou que esta se curando do vírus chinês Nhonho babaca"", ""Quem garante que a china não espalhou o vírus através de celulares, eletrônico, roupas e outos! Todos vez que china espalha uma doença, somente ela sai ganhando. O vírus se espalhou muito rápido. Depois que o trump travou colocar títulos do governo. Na China acaba vírus!!!!! https://t.co/MAsBWTIi8a"", ""@RenovaMidia Ilegal é a fdp da mulher desse merda do piaui roubar dinheiro dos nossos impostos Não esquecendo que o merda do marido fez terror com comerciante e a população durante esse infestação do vírus chines Ilegal é roubar seus merdas"", ""É triste ver que o brasil estava saindo de uma crise e caminhando para o crescimento. Ver que em determinada área estavão començando a se desenvolver, e ai vem um maldito vírus chinês, governadores e prefeitos corruptos para atrapalhar o brasileiro https://t.co/1U4kTROXHO"", ""Pq ninguém fala que essas vacinas alteraram o DNA Uma vacina leva 20 anos de estudo Mas querem em 9 meses todos de cobaia Talidomida deformou e matou milhares de fetos/crianças Somente depois de 50 anos reconheceram erro Pq laboratório querem habeas-corpus contra efeitos do vírus https://t.co/f9I84l40dj"", ""Oms e china, tem que serem processados pelos prejuízos e danos que causaram no mundo todo China escondeu e depois com o vírus pelo mundo, foi a única que faturou bilhões com o caos e as mortes Vendendo epi e respiradores. https://t.co/dkzw3zSLSi"", ""Na paraíba um morreu de \""suposta\"" penumonia É que a família tem dinheiro e \""abafou\"" o real motivo da morte Mas teve oportunista que disse que foi o vírus chinês Mas quebrou a cara. Deu negativo para corvid duas vezes Tudo agora é o vírus, morre de toma viagra a culpa é do vírus https://t.co/VU6zasW5fo"", ""@OlavoOpressor Esqueceu canalhas oportunistas. Esses fdp estão sendo verdadeiros carrasco nos seus estados. Imaginem se vivessemos na era medieval. Iriam mandar cortar a cabeça do povo. A pandemia do vírus chinês, esta mostrando o verdadeiro carater desses governadores vagabundos."", ""Esse vírus se transmitia entre ratos na bolívia. Agora se transmiti entre pessoas. https://t.co/F1N2uZGvIN"", ""@LucianoHuck O seu amigo cachaceiro e mixão, estão a favor do vírus chinês. Já devolveu o dinheiro do bndes?""]",
user_1103441049563865090,"The user is deeply concerned with the impact of the COVID-19 pandemic in Brazil, particularly focusing on health updates, vaccination drives, and government responses to the crisis.","The tone is serious and informative, reflecting a strong sense of community responsibility and engagement with public health issues. The user likely interacts by sharing factual information and possibly expressing concern or support for various measures taken during the pandemic.",1103441049563865090,20,"[""Foi registrado hoje (terça)1.365 mortes pela Covid-19 ,chegando ao total de 110.019 óbitos. Já são mais de 3,4 milhões de casos confirmados."", ""Secretário de Saúde da Bahia, internado com Covid-19, é encaminhado para UTI https://t.co/87XfqvYW8i"", ""Feira de Santana: drive thru de vacinação contra Covid-19 começa nesta terça-feira https://t.co/ORBOWf763Y"", ""Senador Major Olímpio tem morte cerebral após Covid-19 https://t.co/18RffyyQQC"", ""Hoje batemos recordes em Feira com mais de 2 mil casos de COVID 19 e no Brasil com mais de 1 milhão de contaminados."", ""Chegamos hoje a mais de 1 mil mortes por covid-19,foram 1.179 vidas que perdemos nas últimas 24hs,já estamos com quase 18 mil mortes no Brasil."", ""https://t.co/s7Wo8q4ImO: mortalidade entre internados bate recorde em 11 estados"", ""Pesquisador da USP questiona estudo sobre baixa transmissão da Covid-19 em escolas de SP https://t.co/DCV0hxIXog"", ""Rui Costa afirma que horário do toque de recolher pode ser ampliado se taxas da Covid-19 não diminuírem https://t.co/fBViMoaIuo"", ""Wagner toma primeira dose de vacina contra Covid-19 https://t.co/WIvJNgIpG1"", ""Brasil ultrapassa mais de 195 mil mortos pela covid. País contabilizou 195.742 óbitos e 7.714.819 casos da doença desde o início da pandemia, segundo balanço do consórcio de veículos da imprensa."", ""Após contato com Maurício Barbosa, teste rápido de Rui para Covid-19 dá negativo - Baiano News https://t.co/UxFgyMqsMS"", ""Apenas nove municípios baianos não registraram nenhuma morte por Covid-19 https://t.co/pnqpCb8Qq4"", ""Brasil atinge 300 mil mortos por Covid-19 um dia após recorde de mais de 3 mil vidas perdidas em 24 horas https://t.co/aul9MFV28z"", ""O governador Rui Costa anunciou um auxílio de R$ 500 a pessoas diagnosticadas com a Covid-19 e ainda monitoradas epidemiológicamente, os chamados casos ativos. O objetivo dessa espécie de \""voucher\"" é fazer com que elas cumpram o isolamento a rigor em um local pré-definido.""]",
user_11077312,"The user engages in discussions about the coronavirus pandemic, often criticizing misinformation and government actions while emphasizing the importance of health and safety measures.","The user has a critical and sometimes sarcastic tone, actively participating in social media debates on public health issues, particularly regarding the coronavirus pandemic.",11077312,20,"[""@jebbrito é um vírus de fantasia né? entendi a máscara e a burrice. pandemia da ignorância"", ""@senalaila @IvannescaA o que vai matar a gente não é um vírus, é a ignorância."", ""Bolsonaro vai curar Corona Vírus com Golden Shower"", ""Como disse o presidente francês, estamos em guerra. Em guerra contra um vírus. Nossos pensamentos e escolhas devem priorizar a saúde e a segurança das pessoas. Texto de Gustavo Guterman e Vanessa Santos pra quem tem um negócio neste tempo de guerra viral https://t.co/xPs5u4fIJq"", ""@DCM_online FORÇA COVID"", ""@senalaila @IvannescaA o que vai matar a gente não é um vírus, é a ignorância."", ""mais um ministro espalhando COVID no Planalto Central taquipariu"", ""@EderMauroPA Um novo foco de Corona Vírus em Belém. Infestação se deve ao rebanho que está espalhado pela cidade movido pelo toque do berrante do Jumento Messias, uma praga que alimenta das sinapses cerebrais, anulando o bom senso e disseminando histeria."", ""Bolsonaro vai curar Corona Vírus com Golden Shower"", ""@EderMauroPA “Corona eu não sei” Corona sabe sim"", ""@thiagokong até se ouve sim, mas a irresponsabilidade diante das circunstâncias de qualquer aglomeração agora, sendo que blocos e desfile foram proibidos pela prefeitura, só endossa os ensinamentos de Darwin deixando o vírus fazer seu trabalho… aqui no RJ e todo resto"", ""IF YOU GOINGO TO SAN FRANCISCO, Scott McKenzie.mp3 comercial de máscaras com Corona Vírus https://t.co/lmol9DBGsB"", ""como tá o rodízio de covid na sua cidade?"", ""@DCM_online FORÇA COVID"", ""@kallilolv é câncer que faz isso ou corona?""]",
user_111986075,"The user is a young adult living in São Paulo, Brazil, who frequently posts about the impact of the COVID-19 pandemic on their daily life and studies. They are critical of political figures like Bolsonaro and use humor to cope with the situation.","Humorous and sarcastic, the user engages in light-hearted mockery of political leaders while expressing concern over the spread of the virus and its effects on personal and academic routines.",111986075,20,"[""acho que esse covid 19 ta indo longe demais suspenderam minhas aulas restaurante universitário parado gravações de séries suspensas álcool em gel R$ 27,90 cancelaram os festivais tudo"", ""no meu carro vai ta \""eu venci o covid\"" claro, se eu vencer o covid de fato KKKKKKKKKKK https://t.co/tT2tGNOfn2"", ""Pericão está com covid meodeossss não permita que essa lenda se vá, eu imploro 😭🙏🏽"", ""Bolsonaro pode estar com corona vírus aaaaaa que sonho"", ""@meninodocrime sei pra lá coronga vírus kakakak"", ""vendo os leitos de praticamente todas as cidades paulistas lotados por conta do covid, confesso que fico meio receosa de descer pra praia nos dias que tenho de recesso...."", ""VAI TOMA NO CU CORONA nos trend, to amando"", ""@indiferent_maah Fé no pai que o próximo semestre será o último, AJUDA NOIZ COVID CARAIO KKKKKKKKKKK"", ""e essa agora de um caso confirmado de corona vírus em sampa misericórdia"", ""o pior é lidar com a culpa e a sensação de ser enganada na tua própria casa, slccc covid podia exterminar a humanidade mesmo"", ""Bolsonaro pode estar com corona vírus aaaaaa que sonho"", ""@QuebrandoOTabu @JosyRamos esse ano seria meu último ano de faculdade... até o covid fazer a Unesp cancelar o semestre 😔"", ""@meninodocrime sei pra lá coronga vírus kakakak"", ""o bolsominion não acredita na doença do covid 19 mas acredita no fármaco cloroquina para a doença que eles não acreditam ?? ué"", ""no meu carro vai ta \""eu venci o covid\"" claro, se eu vencer o covid de fato KKKKKKKKKKK https://t.co/tT2tGNOfn2""]",
user_1126032702,"The user is from Arcos, Brazil, dealing with the challenges of living through a pandemic, including health issues and personal struggles. They often criticize local authorities for their handling of the situation and express frustration over bureaucratic obstacles.","The user has an irritable and sarcastic tone, showing frustration and despair due to the ongoing pandemic and its impact on daily life. They frequently engage in complaining about government services and health issues.",1126032702,20,"[""deviam procurar a vacina da covid aqui em arcos né da noite pro dia curaram 25 pessoas e ZERARAM os casos só cai nessa quem quer https://t.co/x753gvFmYp"", ""coitada essa dai nem o covid quis levar (eu mesma"", ""vontade de pegar toda a minha angustia e transformar ela em fumaça voltar a ser quem eu sou covid pelo amor de deus va embora"", ""muito arrependida de ter mudado pra formiga pois arcos ja encontrou a cura do covid"", ""arcos tá usando aquela tática que eh muito eficaz no combate ao corona vírus, o famoso se não faz teste ninguém dá positivo"", ""@cemig_energia EU JA SOLICITEI A TROCA DE TITULARIDADE PELO SITE JA LIGUEI NO 116 JA FALEI COM A CEMIG ATENDE VOCES SO ME DAO PREVISAO DE 5 DIAS UTEIS COMO Q EU VO FICAR SEM ENERGIA ESTANDO COM COVID ISOLADO EM CASA SE MINHAS COISAS DA GELADEIRA PERDER NEM SAIR P COMPRAR EU POSSO"", ""engraçadissimo como ter pegado covid me converteu ao novo orgulho da oms"", ""venha senhor covid e leve toda a populacao de arcos-mg"", ""o lugar dos leitos emergenciais de formiga o trato eh o seguinte do covid TALVEZ voce se livre mas as ooooutras doenças que voce pegar por la ainda À COMBINAR"", ""@cemig_energia PELO AMOR DE DEUS RELIGUE A MINHA ENERGIA NAO ESTOU COM DÉBITO NENHUM EM ATRASO E VOCÊS DESLIGARAM MESMO ASSIM ESTOU COM &gt;&gt;COVID&lt;&lt; E MORO SOZINHO E VCS QUEREM QUE EU VÁ NA AGENCIA TROCAR A TITULARIDADE DO APT COMO Q EU VOU FAZER ISSO SE EU ESTOU COM &gt;&gt;COVID&lt;&lt;????"", ""parabens den*lson enfia arcos no cu e roda minha vó tá c sintomas de covid e nao tem UM TESTE SEQUER disponível em arcos"", ""@cemig_energia PELO AMOR DE DEUS RELIGUE A MINHA ENERGIA NAO ESTOU COM DÉBITO NENHUM EM ATRASO E VOCÊS DESLIGARAM MESMO ASSIM ESTOU COM &gt;&gt;COVID&lt;&lt; E MORO SOZINHO E VCS QUEREM QUE EU VÁ NA AGENCIA TROCAR A TITULARIDADE DO APT COMO Q EU VOU FAZER ISSO SE EU ESTOU COM &gt;&gt;COVID&lt;&lt;????"", ""nao aguento mais chorar e me humilhar o dia inteiro nessa cama pareço um buda eu estava tao linda antes do covid agora estou feia baranga endividada toda cheia de problemas de saude e financeiros sinto falta dos dias antigos caras... queria dormir no colinho do cap*ta https://t.co/RrdFN8oUc5"", ""tardezinha do covid quem vai"", ""sera q o covid vai me matar ou eu me mato antes quem quiser fazer esse bolao deixo aqui minha ideia""]",
user_1150028689125597184,"The user is a staunch supporter of Jair Bolsonaro and the conservative political stance, often criticizing the judiciary system and promoting hydroxychloroquine as a cure for COVID-19. They also express strong anti-communist sentiments and are skeptical of international influences on Brazil.","The tone is assertive and confrontational, with a tendency to use hyperbole and conspiracy theories. The user engages in heated debates and often criticizes perceived enemies, including the judiciary and opposition politicians.",1150028689125597184,20,"[""@ravoxbrasil Seria ótimo se esse vírus fosse atraído pelo fedor da alma dos bandidos ditadores!!! E seriam muitos vírus!! Miríades deles!!! Sem mortes, só um susto bão!!! A CLOROQUINA está aí para salvar a vida até de quem quer acabar com a vida alheia!!!!"", ""@LorenzonItalo @KarinaKufa Causa mortis: COVID-19, calibre 22 Covid-19, lâmina 40cm Covid-19, Vestígios de corda Covid-19, overdose Covid-19, parada cardíaca Covid-19, desemprego Covid-19, DECRETO DO DÓRIA!!"", ""@SenadorKajuru É pena que o Senhor interprete tão mal uma reunião. Por que raios, Senador, um monte de ministros participaria de uma FRENTE de enfrentamento ao coronavírus? Se esse vírus for enfrentado SÓ com a LEI, a gente vence! O senhor está batalhando para barrar os desmandos do STF?"", ""Bom vírus e muita Hidroxicloroquina para vocês!!! https://t.co/TEXf1PIdau"", ""@alissanoli Claro que não acredito! O CID no Brasil será assim Causa mortis: CID ÚNICO 666 - covid 19 a 100"", ""@LydiaJorge2 O ditadória tem medo não! Está usando um colete de Seis milhões de dórias, oooops, dólares e seguranças maiores que ele (o que não deve ser difícil) para proteger o rostinho lisinho e boticadinho (pra feio ainda falta muito). Medo? Nem o vírus chinês chega. O Xin deu o antídoto."", ""@BrazilFight Total Pena que permaceu o uso nas ruas Ver gente correndo e andando de bicicleta com máscaras me assusta muito! Não respiramos oxigênio. Agora respiramos gás carbônico, vírus totais, e mais o caldo úmido e quente, ambiente “amigo” de bactérias e fungos. Suicídio obrigatório!!!"", ""Laboratório EMS faz propaganda (ouvi e vi no YouTube) com a voz da Fernanda MONTEcoronavirusNEGRO!! Sim, essa mesma que considerou o coroninha um ser bem-vindo no Brasil! Ué, como pode? Ela torce pelo vírus e VENDE sua voz para um laboratório que produz REMÉDIOS? Ui!! Que medo!!"", ""Não importa que para isso os políticos bandidos precisem matar o povo de fome e se ajoelhar para o partido comunista do vírus chinês. Não apoiar o Bolsonaro AGORA é soltar a ÚNICA TÁBUA DE SALVAÇÃO DO BRASIL!! O comunismo NÃO DORME e o povo brasileiro PRECISA ACORDAR! https://t.co/bissFmuSbN"", ""@GeneralMourao Gal, Os Senhores das Armas, da Disciplina, da Hierarquia, da Garantia da Lei e da Ordem PRECISAM sair em defesa do POVO BRASILEIRO nesse falso corona. Se esperarmos decisões do stf, dos governadores, prefeitos, Foro de São Paulo, fhc e do globalismo, os BRASILEIROS sucumbirão!"", ""O QI e a máscara Ao sol escaldante - humilhante De bicicleta - Pateta Na Praça vazia - porcaria Por obrigação - manipulação Por convicção - Khaghão A gente obedece, o vírus (a bactéria?) cresce, se fortalece e agradece! O organismo enfraquece, a gente adoece de tudo que aparece!"", ""O amigo do povo, oooops, o amigo do amigo do meu pai diz: O povo precisa defender o stf! Mas, na verdade, o certo seria o BRASIL gritar: O POVO PRECISA SE DEFENDER DO STF! E o stf/corona solta mais presos para protegê-los E o stf/corona PRENDE mais PESSOAS ... para protegê-las!"", ""O amigo do povo, oooops, o amigo do amigo do meu pai diz: O povo precisa defender o stf! Mas, na verdade, o certo seria o BRASIL gritar: O POVO PRECISA SE DEFENDER DO STF! E o stf/corona solta mais presos para protegê-los E o stf/corona PRENDE mais PESSOAS ... para protegê-las!"", ""@mitags @LydiaJorge2 @RodrigoMaia Igualin a você! E o pior, acesso um canal conservador no YouTube e lá vem o coronavírus, mas ninguém falando que essa porcaria É um vírus CHINÊS!!!"", ""@AlbuquerqueDavy Sobre o Moro. - por que nunca prendeu gente do PSDB? - havia um foco: prender o lula e abrir caminho pra eleição do Alckmin? Se sim, não era justiça, ERA UM PLANO e o Moro fazia parte dele? Recente: Caso Adélio e PF calada. Moro não defendeu o povo contra os Ditadores do corona""]",
user_115822064,"The user is deeply concerned about the impact of the COVID-19 pandemic on society and public health, particularly in Brazil's Rio Grande do Sul region. They frequently share updates on the virus's spread, its effects on healthcare systems, and express frustration with societal complacency.","The user has a serious and somewhat pessimistic tone, often discussing the dire consequences of the pandemic. They engage interactively by responding to others' tweets but also tend to criticize those who do not take the situation seriously.",115822064,20,"[""É isso que eu digo, essas pessoas só vão acreditar no poder do vírus quando ele atingir alguma pessoa próxima... https://t.co/JH1NispSlb"", ""É isso que eu digo, essas pessoas só vão acreditar no poder do vírus quando ele atingir alguma pessoa próxima... https://t.co/JH1NispSlb"", ""Lembra do famoso assaltantes de carro-forte, Papagaio? Ele estava preso no Paraná. Agora, irá para prisão domiciliar por ser do grupo de risco do Covid-19. 😳"", ""O diretor da Penitenciária Estadual do Jacuí (PEJ), major Fabiano Henrique Dorneles, diz que hoje a instituição tem 1.420 vagas e tem 2.298 detentos. Devido ao teste positivo de um preso para a Covid-19, os detentos já começaram a ser testados, para evitar contaminação em massa. https://t.co/OANdJkLpxw"", ""Em um dia de sol, que Porto Alegre registra mais uma morte devido a Covid-19, o ministro da Saúde, Nelson Teich, deixa o cargo. Uma instabilidade na pasta mais importante do governo federal, o pior de tudo, em meio a uma pandemia catastrófica. #BoaTarde"", ""PEJ e Central estão interditados. Ambos devido aos detentos contaminados pela Covid-19. Presos não podem entrar e nem sair. A questão é: para onde vão os novos detentos? Como evitar picos dentro do sistema carcerário? Vale lembrar a falta de investimentos, histórica, na área."", ""Ipson Silveira Pavani, 61 anos, foi o primeiro servidor da Prefeitura de São Leopoldo que morreu em decorrência da Covid-19. Ele, que tinha diabetes, internou no Hospital Centenário no dia 21 de julho. O quadro se agravou e o óbito foi confirmado na madrugada desta quarta. https://t.co/lnTMBiyYol"", ""No Rio Grande do Sul, até esse momento, tem 25 mortos confirmados pela Covid-19. Faça sua parte, por mais difícil e doloroso que seja, fique em casa. https://t.co/9vEbpJqo3x"", ""@Cristia42838481 Englobam todas as doenças. No contexto geral de UTI. De Covid-19, dos sete pacientes internados na área intensiva, dois possuem diagnóstico confirmado para coronavírus; cinco aguardam resultado de teste RT – PCR , estando um destes em ventilação mecânica."", ""Nós sabemos que há muitas pessoas portadoras do vírus, mas sem nenhum sintoma. Há as que já estão em unidades de saúde e aguardam os resultados. Portanto, não ache que ficar em casa é balela. Não espere você ou alguém que você ame adoecer. https://t.co/sjNUOi3hcP"", ""@fa_gauss @gutolima69 Que triste essa situação. As pessoas não respeitam nem a si, vivemos em uma sociedade doente do vírus da ignorância."", ""@tcelhumberto De amores bandidos até vírus 🦠 sanguinários 🥴🥴🥴🥴"", ""Nós sabemos que há muitas pessoas portadoras do vírus, mas sem nenhum sintoma. Há as que já estão em unidades de saúde e aguardam os resultados. Portanto, não ache que ficar em casa é balela. Não espere você ou alguém que você ame adoecer. https://t.co/sjNUOi3hcP"", ""Hoje atendi um cidadão que mora em Xangri-lá, no litoral gaúcho. Disse ter descoberto a cura da Covid-19. Afirmou que “cansou” de tentar provar a descoberta às autoridades competentes. E, ao fim, questionou: “Você acha que ligaria para a imprensa se não tivesse certeza?” 🤔"", ""Positivo para Covid, UTI, teve uma parada cardiorrespiratória, choque séptico e insuficiência respiratória. O detento sofria de tuberculose.""]",
user_1167588157,"The user is engaged in discussions about public health, specifically focusing on vaccination and the impact of the COVID-19 pandemic. They are critical of certain political figures and skeptical of alternative treatments like hydroxychloroquine. The user also shares practical information related to health and safety measures.","The user has a critical and often pessimistic tone regarding government actions during the pandemic, showing strong support for vaccination and public health protocols while being dismissive of conspiracy theories and unproven remedies.",1167588157,20,"[""No link que enviei no tweet anterior, tu entras no site feito especialmente para manter informada a população de São José a respeito do andamento da vacinação contra o Covid. No lado direito, em destaque, como também aponto na imagem a seguir, fica o link para fazer o Cadastro. https://t.co/OkcwGZ57lR"", ""Falou tudo! Falta respeito! Quem não usa a máscara, não faz distanciamento social, e continua fazendo suas festinhas, não deveria ir pro hospital na hora que pegar COVID-19. Não é justo com quem foi contaminado por essa gentinha sem respeito com as outras. https://t.co/EPXd2FxIgJ"", ""@bcarepa Diz educadamente para ele se flagrar “com licença, poderia colocar a máscara corretamente, tapando o nariz? Vá que estejas com Covid, né? Nunca se sabe”"", ""Se todo mundo estivesse se cuidando, se o presidente tivesse tomado as devidas providências ainda no ano passado, talvez estaríamos livre desse vírus maldito que está matando tanta gente."", ""Olavo diz também não acreditar em aquecimento global, acha que heterossexuais não pegam AIDS, que Newton disseminou a burrice na Terra, que o COVID-19 é a maior história já inventada na história humana, sua única faculdade foi em Astrologia na PUC-SP. Mora nos EUA desde 2005"", ""É normal se sentir febria sem estar com temperatura de febre? #Covid"", ""@anacpmatias Nem me fale. Ainda + quando envolve dinheiro. Gastei 260 reais para vir pra RG. Peguei Covid no caminho. Cheguei aqui e no máximo vi alguns parentes na noite de ano novo e comecei a ter sintomas. Entrei em quarentena. Não estou vendo ninguém que eu queria, nem fazendo nada"", ""E é isso Boa noite 🌙💤😘 #Vacina #Sintomas #covid https://t.co/deP3l2IdPn"", ""Também acho. O Bolsonaro deveria fazer companhia, abraçar, beijar...o Malafaia, sem máscara, bem de pertinho, como ele gosta de fazer. Quem sabe ambos morrem de Covid juntos? Ajudariam o Brasil https://t.co/pulEatWG2o"", ""@bcarepa Diz educadamente para ele se flagrar “com licença, poderia colocar a máscara corretamente, tapando o nariz? Vá que estejas com Covid, né? Nunca se sabe”"", ""Para conseguir o seu PASSAPORTE DA VACINA, ou “Certificado Nacional de Vacinação Covid-19”, acessem o app gratuito “ConecteSUS” e criem o documento em PDF. Ele pode ser mostrado no celular ou impresso na entrada do evento O documento tem validade em todo território nacional (+)"", ""Suicídio coletivo em Belém: todo mundo animadíssimo para pegar COVID-19 e morrer. Por isso foram em peso na inauguração da Havan. Por que outro motivo seria? https://t.co/PUjNrZiST7"", ""Esqueçam os hospitais públicos, privados e os postos de saúde na Grande Florianópolis. Estão todos lotados. Não tem lugar pra mais ninguém, nem pagando. Se pegar Covid, te ferra! Fica em casa se tratando do jeito que der. Te vira nos 30. Agora esse é o novo “normal”. https://t.co/sQaklDTNev"", ""Cloroquina não tem comprovação científica, portanto nenhum médico pode ficar inventando tratamento precoce que não existe, indicando Cloroquina que não trata Covid. https://t.co/Yp1Y69Kff4"", ""Em Pernambuco, uma família descobre na hora que foram velar a avó que o corpo no caixão não era o dela. Voltando no hospital continuava constando que ela estava morta por COVID-19. Olharam vários corpos. Até que por insistência na procura acharam a senhora viva e internada. https://t.co/CW3tcmW5aQ""]",
user_1230248006089347072,"The user frequently discusses personal experiences and concerns related to the COVID-19 pandemic, including symptoms, testing, and its impact on their life in the Amazon region of Brazil.","The user has a worried and somewhat fatalistic tone, often sharing personal health issues and expressing frustration with societal behaviors during the pandemic. They tend to engage in discussions about the virus's effects and spread.",1230248006089347072,20,"[""Aqui esperando pra fazer o exame do COVID 😣"", ""7 mortes de COVID no acre nas últimas 24 horas🥺 o caos já não é mais o mesmo."", ""Tô me sentindo muito mal, achando que é COVID."", ""Alguém que já pegou COVID sabe me dizer se demora muito voltar o olfato e o paladar, tá acabando comigo isso, não aguento mais."", ""Eu não vejo ninguém mais em quarentena, pelo amor de Deus, isso já acabou faz tempo aqui no acre , todo mundo sempre está em resenhas ou em festa, na minha opinião, todos iremos pegar ou já pegaram o COVID"", ""Meu pai tá se sentindo muito mal. Tenho certeza que é corona, Deus é fiel."", ""Vou tomar uma corona vai ser o jeito, ela vai me pegar e por dentro mesmo."", ""O major vírus que tem afetado a humanidade e a falta de amor próprio. #ore"", ""E meus amigos, deu positivo meu exame do COVID 😢😷"", ""COVID, só obedece as regras quando afeta um familiar seu."", ""Fazer exame do COVID doi demais 😭"", ""E meus amigos, deu positivo meu exame do COVID 😢😷"", ""Aqui esperando pra fazer o exame do COVID 😣"", ""Abaixo um Twitter e continue lendo : existem muitos sintomas do vírus que na maioria dos jovens não apresentam falta de ar, já tem vários conhecidos meus que fez o teste particular e deu positivo, isso sem estar com falta de ar. Apenas sem sentir olfato e paladar."", ""Gente sonhei que pagava o corona vírus acredita!! Tá repreendido.""]",
user_128326101,"The user discusses health concerns related to the pandemic, social inequalities in Brazil, and government responses, often expressing frustration with perceived neglect of public health issues and criticism of political figures.","The tone is critical and concerned, with a tendency towards skepticism about official information. The personality is engaged and opinionated, frequently engaging in discussions and debates on social media.",128326101,20,"[""Extra fui contemplada não sei se estou com covid , gripe ou os dois 🥴"", ""Parem de romantizar essa porra de vídeo \"" era pra ser só 15 dias de covid\""."", ""Dados como esses podem impactar grandes prejuízos para o Brasil no Mercosul, os outros países já falam em vírus importados do Brasil, devido as importações. Presidente da Agentina já deu declarações a respeito."", ""Infelizmente essas pessoas não terão parentes jogados em portas de pronto socorro, são pessoas que terão o melhor atendimento possível pois são ricas e famosas. O maior problema desse país não é o Corona é a desigualdade e a \""lacração\"" em cima dessa doença."", ""É tempo mudanças de comportamento Brasileiro: Salvador cria espaço pra hospedar pessoas de forma voluntária com sintomas leves de Covid, a procura foi zero. Governo oferece R$500,00 e 2 cestas básicas."", ""Pra mim que a Vacina da covid altera o DNA. Inclusive queria muito que fosse verdade ! https://t.co/gQytxWaKRZ"", ""Em Belém o Anti-barbalhismo fala mais alto que o Corona !!"", ""Sabe o que eu acho muito ruim em meio a esse surto de gripe, covid? E que já emitiram uma nota remarcando o início das aulas pra outra semana por conta desses surtos. E o povo tranquilamente nos blocos na festas, viajando e a educação é sempre em último plano."", ""BOLSONARO COM COVID É ISSO MESMO????????"", ""@paulo_walmeida Aproveitar antes que o novo \""vírus\"" do porco venha e cause um novo surto kkkkk"", ""Bom se a imunidade de quem pegou covid pode baixar com 3 meses, eu vou saber agora pq tem exatos 3 meses que peguei essa bomba !!"", ""@paulo_walmeida Simmmm e estão fazendo do Covid um oportunismo seja no espectro político como no televisivo.."", ""Em Belém o Anti-barbalhismo fala mais alto que o Corona !!"", ""300 milhões de farmácias em Belém e nenhuma tem o Koid D Fui em 12 locais e nada Me informaram que com esse surto de gripe e covid não tem em lugar nenhum"", ""Perdão, Em um mundo onde milhares morreram com falta de ar e sem respirar vítimas da covid vem essa mulher com roupa tendência a moda, me desculpem a moda e a noção passaram longe! #MetGala2021 https://t.co/OwVoRdz1Nw""]",
user_157039266,"The user is a critical and politically engaged individual, often expressing strong opinions against figures like 'Corona Doria' and the Chinese government, particularly regarding health policies and global issues.","The user has a confrontational and sarcastic tone, frequently using derogatory language and targeting public figures and institutions in their tweets. They are likely to engage in heated debates and support controversial topics.",157039266,20,"[""@CNNBrasil \""Corona Doria\"" de NY. Vão pro o inferno."", ""@CNNBrasil Dos \""pró virus\"" que escreveram aqui, atirem a primeira pedra internado num leito de hospital e testado para COVID 19. Neguem com toda força o uso do medicamento."", ""@CNNBrasil \""Corona Doria\"" de NY. Vão pro o inferno."", ""@AiltonBenedito @Jambock67 Quero ver o \""Corona Doria\"" monitorar esses pasmados e a boca de fumo. Ele não tem coragem."", ""@Jambock67 Esse usa as mesmas sandálias \""rasteirinhas\"" do Corona Doria. Bloqueadassoooo!!!!"", ""Gostaria de uma palavra do Corona Doria, Doria Xenjaoping, lacradores e canhotos sobre esse roubo. Parabéns a PF. Ação e reação. Foram fodas."", ""@FMouraBrasil Também esta usando as sandálias \""rasteirinhas\"" do Corona Doria. Lamentável."", ""@laurojardim Você e a Globolixo faz parte da torcida organizada do Corona Virus e Corona Doria. Só continuam encantando os PToscos."", ""@henriolliveira @BolsonaroSP Lacradores. Os \""pro virus\"" da TV. Desgraçados."", ""@henriolliveira @BolsonaroSP Lacradores. Os \""pro virus\"" da TV. Desgraçados."", ""@Marcos_Araujo18 @FigaroAndre Eu digo que o covid 19 veio da china. Não disse que foi manipulado. É virus chines. Seja de onde surgiu é chines. Eles arrebentam o mundo com esse virus chines. Não é chines? Se não é de onde é?"", ""@laurojardim Você e a Globolixo faz parte da torcida organizada do Corona Virus e Corona Doria. Só continuam encantando os PToscos."", ""@EmbaixadaChina Embaixada do caralho. Acabaram com o Mundo com o Virus Chines. Esconderam de tudo e de todos. Vão se foder. Vai comer ratos seus desgraçados. Ainda vão foder com o que sobra. Fora do Brasil. Imundos. Seu povo não merece esse governo de merda. Comunistas Roedores."", ""@Damadeferroofic Eles estão usando as mesma sandálias do Corona Dória. Rasteirinhas. Se converteram a Globo."", ""@EmbaixadaChina Embaixada do caralho. Acabaram com o Mundo com o Virus Chines. Esconderam de tudo e de todos. Vão se foder. Vai comer ratos seus desgraçados. Ainda vão foder com o que sobra. Fora do Brasil. Imundos. Seu povo não merece esse governo de merda. Comunistas Roedores.""]",
user_162046789,"The user is a young adult expressing frustration and anger towards the coronavirus pandemic, its impact on travel and social life, and conspiracy theories surrounding its treatment.","The tone is frustrated and angry, with a sarcastic and rebellious personality. The user interacts by criticizing those who downplay the severity of the virus and engaging in discussions about its effects.",162046789,20,"[""Entendido que me abster de informações sobre o covid seria melhor pra minha saúde mental foi a melhor coisa que aconteceu nessa pandemia"", ""Era pra eu tá ao som de Tainá Costa belíssimo e emlregado se não fosse o corona"", ""Corona te odeio, todo fds eu queria tá em uma festa #livedapisamenos"", ""Acabamos de cancelar a viagem da família que ia rolar em Maio, Obrigado Coronga."", ""Obrigado Coronga, por tirar minha tranquilidade p dormir https://t.co/hJvwtVViZs"", ""Estaria embarcando essa semana pra João Pessoa, empregado e treinando pra maratona do Rio que seria mês que vem. VAI SE FUDE CORONA https://t.co/5JdrtH4S4F"", ""Não tenham coronga https://t.co/9Gp3F24noU"", ""A CURA DO CORONGA É A AGUA TÔNICA? CARALHO BOLSOMINION NUM FODE, BOLSOMINION https://t.co/FW9Ki4MLQO"", ""A cloroquina e o chá de boldo contra o corona https://t.co/ElGQ9XRZvu"", ""@CaioGabrielRez1 Comparar um vírus que tem uma taxa de letalidade superior a de uma gripe como uma gripe é banalizar a vida."", ""@RLiandry É amiga, o corona atingiu o turismo de forma abrupta e rápida, infelizmente.... 😪"", ""Espero que amanhã meu resfriado tenha passado p não aguentar o Maicon gritando corona vírus do meu lado"", ""Estaria embarcando essa semana pra João Pessoa, empregado e treinando pra maratona do Rio que seria mês que vem. VAI SE FUDE CORONA https://t.co/5JdrtH4S4F"", ""A CURA DO CORONGA É A AGUA TÔNICA? CARALHO BOLSOMINION NUM FODE, BOLSOMINION https://t.co/FW9Ki4MLQO"", ""@ritadnts É amiga, o coronga me demitiu""]",
user_1717426308,"The user is a young, laid-back individual dealing with the challenges of the pandemic, showing a mix of humor and frustration in their daily life, particularly regarding health concerns and social interactions.","Casual and humorous, the user maintains a light-hearted tone despite the serious nature of the topics they discuss. They often engage in playful banter and express a desire for normalcy.",1717426308,20,"[""Cada dia que passa uma pessoa nova que tava na casa com nois positiva pro covid, eu e o Fofão devemos ser a cura, só pode"", ""@gabrieIberte Eu espero tu chegar lindo. To limpo de covid, saiu o resultado hj , não vou te passar nada KKKK"", ""Coisas que eu preciso pra vida melhorar: -Trabalhar em um lugar minimamente \""justo\"" -Fim do corona -Uma namoradinha -Mais tempo livre"", ""Um ano polvilho, no outro corona"", ""Beijo com corona"", ""Se eu ainda não tiver com covid, vou pegar nessa fila gigantesca do SUS com todo mundo tossindo"", ""@DodododododDod Não pode, pega vírus, ainda mais daqueles velhos do bar"", ""Beijo com corona"", ""Ih vamos te testezinho de coronga pra voltar pra cwb não infectado e com sindicato ganho"", ""Boulos com Covid e eu com medo de ter pego dele, que nível minha vida chegou"", ""Tédio no corona 🔞- 22 👫- R 👼🏻- Não ✨- Estável ♥️- Não 📍- Não 💉- Não 💳- Bruninho Xaxim 2005 ☯️- O das piadas ruins, Sagitario. 🎁- 09/12 💛- Amarelo 👭- Luizin 📆- Sábado 🎲- 12 🌞- Noite 😝- 🥺 🤭- N tem 📌- Nem sabia que dava pra fazer isso 📏- 1,90 🌝- Sim 🔥 fav e mando"", ""Vou lamber o asfalto depois desse teste de corona negativo!"", ""Tédio no corona 🔞- 22 👫- R 👼🏻- Não ✨- Estável ♥️- Não 📍- Não 💉- Não 💳- Bruninho Xaxim 2005 ☯️- O das piadas ruins, Sagitario. 🎁- 09/12 💛- Amarelo 👭- Luizin 📆- Sábado 🎲- 12 🌞- Noite 😝- 🥺 🤭- N tem 📌- Nem sabia que dava pra fazer isso 📏- 1,90 🌝- Sim 🔥 fav e mando"", ""Falta 2 meses exatamente para meu aniversário, ai covid, colabora e vaza por favor"", ""Nao vejo a hora de sair meu resultado de covid pra eu poder brincar de lutinha com meu irmão e agarrar ele. Quase duas semanas já sem contato físico""]",
user_246102297,"The user is a socially engaged individual who frequently discusses and expresses concern about the COVID-19 pandemic, often using humor to cope with its impact on daily life. They are also interested in socializing and enjoying leisure activities when possible.","The tone is lighthearted yet concerned, reflecting a mix of personal experiences and public health awareness. The user interacts positively with friends and family, sharing both support and playful banter about the virus.",246102297,20,"[""@iameveb_ meu amor 💙💙💙 vou chorar de sdd SE SAIA COVID"", ""@_nuneshelle só cuida com o corona"", ""@radioactivegf ela tbm teve COVID guria, pode deitar a vontade 🗣🗣🗣"", ""@iameveb_ meu amor 💙💙💙 vou chorar de sdd SE SAIA COVID"", ""@lauraderenji pois eu não acredito??????? ah não....Parem de ter corona, quero saber das fofocah"", ""@_todesacocheio amiga mas ele tá fazendo algumas coisas certas em relação ao COVID, desde cedo... não? 😳"", ""@biacstc Devo essa a ti amiga, se n fosse por ti eu n teria me curado do COVID, pq eu n teria pego 🗣🗣🗣🗣🗣🗣 TE AMO"", ""@paula_menezess HAHAHAHAAAHAAHAH meu deeeussss muito possível de isso acontecer né 😂😂😂 sai COVID, quero ver os gostosos do bom fim"", ""@cuckwitter vou mandar pra tua casa vai chegar aí cheio de coronga"", ""meu pai olha pra esse homem e diz: \""olha lá, o Covid-19\"" https://t.co/iJ4LXiHKEV"", ""Mentira, eu pensava em duas coisas A segunda é: BEM QUE PODIA SER A DO COVID NE"", ""@juliaapedroso_ amuuuu!! Sai corona, quero matar aula pra beber cerveja em boteco do centro com a ju"", ""@DaianaAlberti @alexandrascm_ Capazz guria, temos tanta sorte que o vírus nem chegou perto de nós na viagem 😂😂 foi aqui mesmo 🥲"", ""@xmirandale PAREM DE PEGAR CORONA é isso."", ""Todos os caminhos hoje levam pro sofá da sala pq infelizmente esse vírus impede que os caminhos nos levem pra arena 🥺🥺🥺""]",
user_280808607,"The user engages with historical and scientific topics, particularly related to pandemics and their impacts, while maintaining a sarcastic and sometimes critical tone towards the handling of the coronavirus pandemic.","The user has a knowledgeable yet frustrated demeanor, often expressing skepticism about official responses to the pandemic through social media interactions.",280808607,20,"[""após a peste negra, no período medieval, veio o iluminismo; da gripe espanhola, após a primeira grande guerra, o estado de bem estar social.. corona vairus tá aí e quarentena não é férias!! produza, estude, cresça!!!"", ""se esse tal de corona me achar aqui, ele tá mandado https://t.co/0xsiWn3N9k"", ""Hoje tem live do Marcelo Gleiser no canal dele no YouTube. O maior físico brasileiro vivo falando sobre as projeções pós covid, vulcão e chernobyl.. recomendo não perderem."", ""Não aparece um robôminion pra comentar em tweet de vítimas do covid. Nem um pêsame. Nada."", ""Sempre distante do vírus Sigo invicto 😘✌🏾 https://t.co/Nno1tDxnrU"", ""@ebertfreitass nem corona me alcança"", ""Pelo que vejo nos histories, covid acabou oficialmente esse fds"", ""@nessacleite @aquelerebelde Mas não tinha SARS-CoV-2. Sabe a diferença entre elas?? Não?? Pesquise."", ""60km de bike com direito a visita à aldeia indígena vários S no corona ✌🏾 https://t.co/IKnXUlRt7z"", ""@Claudio55675391 @hmcpedro @folha @monicabergamo Se ele contaminar só um e esse um contaminar alguém do grupo de risco que venha a morrer, ele tem culpa. Quando um morre de covid, TODOS os que não seguiram as recomendações da OMS são culpados. Nem numa pandemia mundial a soberba humana dá uma trégua, pqp.. 🤦🏾‍♂️"", ""@nessacleite @aquelerebelde Pq ainda tá falando do estudo da Lancet??? O estudo que tô falando é do The New England Journal of Medicine e foi publicado ontem. Não tem nada a ver um com o outro. E outra: 2009 já existia covid-19??"", ""que saudade de ver o Flamengo, tomar no cuuuuuu covid"", ""Acabo de atender uma ligação do meu tio em que ele me perguntou que negócio eu montaria caso ele ganhasse na mega sena Acaba logo, vírus FDP!!!!!!"", ""@Palmeir73771110 @ericfaria74 Crie o hábito de dar um Google antes de falar merda. https://t.co/XeZtZYkU8V"", ""Não aparece um robôminion pra comentar em tweet de vítimas do covid. Nem um pêsame. Nada.""]",
user_3013544013,"The user is a Brazilian individual deeply affected by the socio-political and health crises in their country, expressing frustration and concern through personal experiences and observations.","The tone is somber and critical, reflecting a resilient yet weary personality who uses humor to cope with challenging situations while engaging in community support activities.",3013544013,20,"[""E uma conhecida minha que tava na passeata a favor do Bolsonaro e hoje ta internada com covid 🤡"", ""Deve ser muito bom ser rico pra ir para outro país se vacinar contra o corona"", ""Vou fazer trufas de chocolate para os funcionários do posto quando for tomar a vacina do covid 💛💛"", ""Difícil ser brasileiro. Covid. Fome. Bala perdida. Depressão. Presidente genocida. Difícil ser brasileiro."", ""Vou fazer trufas de chocolate para os funcionários do posto quando for tomar a vacina do covid 💛💛"", ""Uma das pessoas mais incríveis que já conheci perdeu a batalha contra o Covid-19. 😭😭😭"", ""O Brasil lá fora tá sendo visto como piada em relação ao covid, isso não vai acabar tão cedo."", ""Recebi um covid pra ir numa festa junina mas tenho noção"", ""Fase 9 de Jumanji ou fé no pai que o corona cai?"", ""Bom dia Já chega corona vai embora inferno"", ""To fazendo o planejamento escolar do Nicholas, já que por causa do corona ele não vai pra escola esse anl"", ""Sexta feira um homem na minha rua teve um colapso e parou no hospital. Chegando lá, morreu. Fizeram o teste e ele morreu de covid. Hoje o bar tá lotado, a rua tá cheia e tem uma caralhada de pessoa aglomerada. Semana que vem tem mais morte."", ""Tomou todas as vacinas do calendário e agora quer questionar do Covid... Ah me poupa"", ""Sexta feira um homem na minha rua teve um colapso e parou no hospital. Chegando lá, morreu. Fizeram o teste e ele morreu de covid. Hoje o bar tá lotado, a rua tá cheia e tem uma caralhada de pessoa aglomerada. Semana que vem tem mais morte."", ""De acordo com o site faltam 7 meses e 26 dias pra minha vacina do covid 🤡""]",
user_3228600412,"The user engages in discussions about the pandemic, social issues, and personal reflections, often criticizing political figures and promoting health-related information.","The user has a critical and sarcastic tone, frequently expressing frustration with government responses to the pandemic and sharing content related to health and social events.",3228600412,20,"[""Tiro meu chapéu pros médicos porque tem que ter MUITO sangue frio pra não desligar o aparelho e deixar essa gente morrer, viu?! https://t.co/8jErptVs2y"", ""O pessoal da mamadeira de piroca está enfiando ozônio no c* pra curar o covid-19. E vocês aí achando que a mudança estava a caminho."", ""@tecontarviu1 fodasse a vida e agradeça ao coronga pela oportunidade de ficar em casa pra repensar na vida"", ""@glaubermacario Sem contar com a desinformação de que pegou COVID e não vai mais pegar."", ""@Ro_anna Gente, que absurdo! Acabei de ver! E olha que ela, quando pegou coronga, postou nos stories dizendo que tinha aprendido, etc. UMA OVA!"", ""Eu queria entender que tipo de lockdown é esse que dura só uma semana. Cidades que há uma semana anunciavam a medida, já estão se preprando pra abrir o comércio a partir de amanhã. Não vamos diminuir a quantidade de casos da Covid-19 tão cedo, meus caros."", ""@DanPimpao eu vi aquele lance da última embaralhada no jogo como o fim da história dos machos escrotos. Tomara que seja isso! Eu já estou com falta de ar aqui e não é coronga!"", ""@planalto @jairbolsonaro Manda essa merda desse presidente ficar em casa que ele tá passando o virus pra todo mundo dessa cidade! QUE ÓDIO! https://t.co/Kv2Cqse50f"", ""Inclusive, HOJE começa a Semana @Fash_Rev que em Brasília está sob coordenação da minha amiga @iara_vidal. O evento vai ser todo online devido à pandemia do Covid-19. #fashrevbsb #FashionRevolutionWeek #quemfezminhasroupas https://t.co/PEsALWzSqh"", ""Utilidade Pública: O Socialismo Criativo, site da minha amiga @iara_vidal, falou sobre como fazer a sua própria máscara de tecido e sobre as recomendações de como usá-las. https://t.co/CDn7QUBzbO"", ""Ou seja, ficamos trancados mais de um mês dentro de casa pro @Gov_DF resolver jogar o coronga de vez no ventilador. Que a gente não vire uma “Itália” brasileira. https://t.co/tvAVEbA0lN"", ""A OMS se pronunciando sobre o @jairbolsonaro ter testado positivo para COVID-19. https://t.co/St0KkII49P"", ""Inclusive bom dia pra você que assim como eu já perdeu completamente a noção de tempo e espaço. Passei de “dar uma tosse” e achar que estou com coronga até ter crise de choro bêbada na varanda do apê irritado com as pessoas que não respeitam a quarentena."", ""Eu entrego nas tuas mãos, coronga! https://t.co/nivllzBndr"", ""@glaubermacario Sem contar com a desinformação de que pegou COVID e não vai mais pegar.""]",
user_3292685493,"A healthcare professional and survivor of COVID-19 who frequently participates in health-related research and advocates for patient care, often reflecting on the personal impact of the virus.","Serious yet resilient, this user shares experiences as a healthcare worker and COVID-19 survivor, advocating for patient rights while participating in research studies.",3292685493,20,"[""Toda semana sou convidada a participar de alguma pesquisa relacionada ao COVID. Seja como paciente, seja como profissional da área da saúde."", ""Blogueiras (ou similares) sem referência consistente a respeito de saúde falando sobre COVID-19: até quando?"", ""Pós COVID, obviamente."", ""Sim, sobrevivi ao COVID pelo meu histórico de atleta e sem ivertmectina✌🏽🦠"", ""Ouvir um homem jovem suplicar para não deixar que ele morra pois tem filhos e uma vida inteira pela frente. Não tem um dia que o covid não me maltrate lá no fundo e me faça repensar diversos aspectos da vida... 😔"", ""Enfermeiros que tiveram COVID e tem dificuldade de lembrar a queixa do paciente em função da perda de memória: https://t.co/319Y58nfZO"", ""A arte de transformar o covid em verbo... “Covidei em julho e tu?”"", ""Hoje o padrasto de uma das minhas amigas fez um IAM com supra em complicação do COVID (10° dia de evolução da doença). Não é só sobre o vírus, é sobre as sequelas, os desdobramentos dele..."", ""Sim, sobrevivi ao COVID pelo meu histórico de atleta e sem ivertmectina✌🏽🦠"", ""Ouvir um homem jovem suplicar para não deixar que ele morra pois tem filhos e uma vida inteira pela frente. Não tem um dia que o covid não me maltrate lá no fundo e me faça repensar diversos aspectos da vida... 😔"", ""@SusianeAlt Minha sequência é: Domingo: HCPA COVID noite Segunda: HCR tarde + aula doutorado Terça: HCR manhã + aula doutorado Quarta: HCR manhã, HCPA COVID noite Quinta: HCR tarde Sexta: HCR manhã Sábado: HCPA COVID noite Domingo: folga 🙌🏽"", ""Toda semana sou convidada a participar de alguma pesquisa relacionada ao COVID. Seja como paciente, seja como profissional da área da saúde."", ""@SusianeAlt Edital COVID. Negócio tá tenso lá mas tá muito bom (de trabalho)."", ""Vocês que são influentes e mandam mensagens defendendo que os hospitais estão vazios: podem me passar o contato para remanejar uns pacientes COVID+?"", ""Paciente de 33 anos, não vacinado por OPÇÃO POLÍTICA (sic), COVID positivo, saturando 88%, com pneumonia bacteriana sobreposta, mas não aceita internação pois podemos criar dados sobre ele e LOGO VAI MELHORAR. 😓""]",
user_3352730139,"The user is a resident of the state of Paraíba, Brazil, actively engaged in discussions about the impact and spread of COVID-19, government policies, and economic implications during the pandemic.","The user has a critical and skeptical tone, often engaging in political discourse and social commentary, particularly regarding the handling of the pandemic by local and national authorities.",3352730139,20,"[""Hoje a Paraíba chega em 499 casos confirmados de covid-19. 52 novos casos. 3 novos óbitos. Agora são 37 cidades com casos confirmados."", ""E eu jurando que não tinha mais covid-19 no brasil."", ""@linsanac Grande parte meio que ignorou. Caiu naquele papo tbm de \""nossas utis ainda estão vazias\"". No meu prédio as pessoas tavam saindo pra andar com crianças até semana passada. Hoje resolveram que existe covid-19 e como tem prestador de serviço entrando no prédio é necessário alcool"", ""Eu só acho que se continuarmos nesse trem desgovernado sem nenhuma política pública para o covid-19 só nos resta o rodízio de \""imunização de rebanho\"" que é o que tá acontecendo em vários estados."", ""Esse momento estão discutindo a inevitabilidade do contágio de covid-19. Certo. Estão se discutindo também os níveis de recuperação dos infectados. Ok. Mesmo tendo estudos indicando sequelas severas pós doença, não vejo ninguém comentando isso."", ""20 de maio Paraíba tinha mais de 5000 casos de covid-19. Dia 28 de maio Paraíba tem quase 12 mil casos de covid-19."", ""@elodiva O vírus vai humanizar o capitalismo. HAHAHAHHAHAHAHA tou vendo como: iniciativa privada financiando lives e aumentando o consumo das suas mercadorias em contraponto aos acordos e demissões de seus trabalhadores."", ""O estado brasileiro ta aproveitando o momento pra forcar agenda política e econômica. Se já era parte do plano do governo \""limpar\"" a sociedade brasileira (palavras dos mesmos), esse vírus vai ser usado como álibi moral e econômico para isso. E o que a gente faz?"", ""Tava sumido mas vim aqui só pra dizer que: No grupo do prédio alguém avisou que chegou ivermectina em uma farmácia x e que é o remédio usado para evitar contágio de covid-19..."", ""Mais 41 casos confirmados na Paraíba. E 4 novos óbitos por covid-19. Agora são 28 cidades com ao menos 1 contaminado."", ""@elodiva O vírus vai humanizar o capitalismo. HAHAHAHHAHAHAHA tou vendo como: iniciativa privada financiando lives e aumentando o consumo das suas mercadorias em contraponto aos acordos e demissões de seus trabalhadores."", ""Meu cunhado, como profissional da saúde, tá fazendo os testes de covid-19 conforme os protocolos para quem está na frente do bagulho. O dessa vez deu negativo. Mas todo mundo espera, inclusive ele, que mais cedo ou mais tarde dará positivo. Doidera."", ""O Justus tava dizendo que o vírus tinha retrocedido com a queda das mortes. Toma aí: https://t.co/Vnpyfq1P3S"", ""Bolsonaro diz ter dados de eleição vencida que foi fraudada. Bolsonaro diz que o vírus é comunista. Bolsonaro não sabe é ficar calado. https://t.co/HeYSEyDcCA"", ""20 de maio Paraíba tinha mais de 5000 casos de covid-19. Dia 28 de maio Paraíba tem quase 12 mil casos de covid-19.""]",
user_44633150,"The user is a concerned citizen from the Amazonas region, actively engaged in discussions about public health and vaccination during the pandemic. They frequently share updates on COVID-19 cases, criticize misinformation, and advocate for proper medical protocols.","The tone is serious and passionate, with a strong sense of civic duty and frustration towards those spreading false information or ignoring expert advice. The user interacts by sharing factual content and engaging in debates to promote awareness and education.",44633150,20,"[""conscientizando adolescentes a tomarem a primeira dose da vacina contra a Covid-19 na mesma manhã em que o xexelentíssimo e seus capangas estão em Manaus fazendo campanha eleitoral antecipada. nunca me senti tão útil ao meu país."", ""e começamos o domingo com 13 mortes por covid-19 no Amazonas 😔"", ""o moleque mandou o recado: FODA-SE O CORONA https://t.co/sIE4sHYkC6"", ""de repente um presidente que se vangloria de desprezar os conselhos médicos, e que é o principal responsável pela forma caótica como a população tem reagido à pandemia, apresenta sintomas da Covid-19. pois é..."", ""@samus_chan @manaus_pop (...) o vírus precisa de gente circulando pra se espalhar ainda mais, ameba"", ""resumo do boletim de covid-19 desta quinta-feira, 02 https://t.co/kmxPhPcTyq"", ""meu amigo que mora em Buenos Aires perdeu dois tios e um priminho de seis anos para a Covid-19 em Manaus. a sensação é de total de impotência. só me vem à cabeça os negacionistas e os que seguem \""fazendo resenha\"" como se nada estivesse acontecendo. estamos a sorrir para o abismo"", ""o domingo amanheceu triste com a partida prematura do professor e meu amigo Wellington, 28, chamado carinhosamente de Pônei. ele foi uma das mentes mais brilhantes que conheci nos corredores da @UFAM_ . perde a educação do AM, do Brasil. de complicações decorrentes da Covid-19."", ""ouvi isso de um especialista gabaritado do AM numa das primeiras entrevistas que fiz sobre a COVID-19. https://t.co/GfMaVfg4Tn"", ""o que se passa exatamente na cabeça de um jovem na casa dos 20 com acesso amplo à informação que ainda não tomou a primeira dose da vacina contra a Covid-19? estão esperando a nova onda? 🤔"", ""o Comitê Intersetorial de Enfrentamento da Covid-19 decidiu, ontem, adiar, para o dia 14 de fevereiro, o início do ano letivo de 2022 nas escolas da rede pública do Amazonas."", ""a @PrefManaus ter um receituário padrão com medicamentos AMPLAMENTE rechaçados como ineficazes contra a COVID-19 em pleno janeiro de 2022 é de um disparate sem tamanho, olha!"", ""contei que o mozão tomou a primeira dose da vacina contra a Covid-19? agora é 100% dos meus amores com pelo menos a primeira dose: meus pais, meu irmão, os melhores amigos e agora o @."", ""o Laboratório Central de Saúde Pública realizou a coleta de amostras biológicas do paciente e o resultado ficará pronto neste sábado (28). se confirmado será a segunda morte por covid-19 no Amazonas"", ""@BetoAndC @Carol_freitas91 @ACritica se os referidos medicamentos fossem COMPROVADAMENTE (análise clínica, ciência, sabe...) eficazes no tratamento da Covid-19, óbvio, que todo mundo tomaria sem problema nenhum, Roberto""]",
user_50467877,"The user is politically engaged and strongly supports Lula for president, advocating against Bolsonaro's government. They are concerned about the impact of the COVID-19 pandemic on Brazil, particularly regarding vaccine distribution and economic issues.","The user has a passionate and critical tone, often using sarcasm and emotive language to express their views. They interact by supporting Lula’s campaign and criticizing Bolsonaro's policies.",50467877,20,"[""#LulaPresidente2022 Se Cuide Campo PROGRESSISTA!!! Estamos Enfrentando 3 PRAGAS NO BRASIL: - COVID-19 - SURTO DE AMEBA(🤡) - VIRUS DA VACA-LOCA(🐄) https://t.co/3YDreifJgE"", ""#ForaBolsonaroGenocida Deu Ruim para Todo Mundo Gente, o GOLPE CONTRA A DILMA E O PT, Todo NÓS ESTAMOS PAGANDO UM PREÇO MUITO ALTO NO CUSTO DE VIDA, PERDA DE VIDAS P/ COVID-19, E SEM PERSPESCTIVA DE UM FUTURO MELHOR!😏 https://t.co/0qZdJ1ykr2"", ""#ForaBolsonaroGenocida https://t.co/ajesCuW1ry 👉🏿 Os Militares estão Tomando um merecido PÉ NO RABO DO BOLSONARO!!! 👉🏿 BOLSONARO AGE COMO O COVID-19, SÓ CONSIDERA QUEM ESTIVER DISPOSTO A MORRER POLITICAMENTE COM ELE, QUEM DEFENDE A VACINA, ESTA FORA!!!😏"", ""#LulaPresidente2022 Assistir o Mundo em que FAZIAMOS PARTE COM O CORRUPTO PT NO PODER, APLICANDO A VACINA CONTRA O COVID-19 NA POPULAÇÃO, DOI MUITO!🤔😏😢 https://t.co/Z1XnYCGSO5"", ""#ForaBolsonaro 👉🏿 IMPIACHMENT JÁ, antes que começamos a MORRER TODOS DE FOME E COVID-19!🤮 https://t.co/Ga9HsMbeYB https://t.co/PCzkOS0lI4"", ""#LulaPresidente2022 Nós Temos que ASSUMIR A NOSSA RESPONSABILIDADE!!! - Se Manaus e muitos outros lugares estão MORRENDO PELO CONTÁGIO DO COVID-19, NORMAL, É MESMA PARCELA DE 147 MILHÕES DE BRASILEIROS RELAPSA QUE NÃO OBSERVOU O PERIGO 🤡 NA PRESIDÊNCIA DO BRASIL 🤷🏽‍♂️ https://t.co/zCnbI9prNb"", ""#ForaBolsonaroGenocida 👉🏿 Cadê a CONSTELAÇÃO DE OFICIAIS GENERAIS ALMIRANTES E BRIGADEIROS E FORÇAS AUXILIARES DA INTELIGÊNCIA DE SEGURANÇA DO BRASIL, QUE NÃO IMPÕE UMA RESTRIÇÃO MINIMA NOS NOSSOS AEROPORTOS??? https://t.co/1Pm1BiiQJO"", ""#ForaBolsonaro 👉🏿 IMPIACHMENT JÁ, antes que começamos a MORRER TODOS DE FOME E COVID-19!🤮 https://t.co/Ga9HsMbeYB https://t.co/PCzkOS0lI4"", ""#LulaPresidente2022 Nós Temos que ASSUMIR A NOSSA RESPONSABILIDADE!!! - Se Manaus e muitos outros lugares estão MORRENDO PELO CONTÁGIO DO COVID-19, NORMAL, É MESMA PARCELA DE 147 MILHÕES DE BRASILEIROS RELAPSA QUE NÃO OBSERVOU O PERIGO 🤡 NA PRESIDÊNCIA DO BRASIL 🤷🏽‍♂️ https://t.co/zCnbI9prNb"", ""#LulaPresidente2022 Companheiros, a situação da Saúde em Relação ao Tratamento do COVID-19, principalmente aos MAIORES DE 60 ANOS!!! 😷 FIQUEM EM CASA USE MÁSCARAS!😷 https://t.co/saT6OMMEDz"", ""#ForaBolsonaroGenocida Assistir o Mundo em que FAZIAMOS PARTE COM O CORRUPTO PT NO PODER, APLICANDO A VACINA CONTRA O COVID-19 NA POPULAÇÃO, DOI MUITO!🤔😏😢 https://t.co/apkZsmjMJ9"", ""#ForaBolsonaroGenocida 👉🏻 JÁ SÃO 200 MIL MORTOS PELA COVID-19, POR FALTA DE RESPONSABILIDADES DESTE \""TRASTE\"", 56 MILHÕES VIVENDO NA INFORMALIDADE, 14 MILHÕES DE DESEMPREGADO, A ECONOMIA A BEIRA DA FALÊNCIA, E ELE 🤡, NEM AI, SÓ PENSANDO NA REELEIÇÃO EM 2022!!! https://t.co/XPP9NBzp4h"", ""#LulaPresidente2022 O PRESIDENTE, Que não é o Meu, De VACINAS AO POVO CARA! - Você Quer que o povo enfrente o COVID-19 de Cara LIMPA? sem usar sequer uma MASCARA??? - O Trabalhador SÓ TEM UMA VIDA, 🤡 FDP ORDINÁRIO SANGUESSUGAS DO INFERNO 🤡!!! https://t.co/fKyyhVCYHp"", ""#ForaBolsonaroGenocida 250 mil mortes pela covid-19: uma doença cada vez mais contagiosa. 👉🏿 E a Câmara dos Deputados, reunidos, PASSANDO A BOIADA DA IMPUNIDADE, SE BLINDANDO CONTRA A PRISÃO EM FRAGRANTE DE DEPUTADOS!!! Veja mais no UOL. Acesse: https://t.co/n9WjFzCPh8"", ""#LulaPresidente2022 Se Cuidem COMPANHEIROS, estamos por Conta Própria, Sem Governante(🤡), Vacinas a CONTA GOTAS, e COVID-19 A TODO VAPOR, E AS VIDAS SE EVAPORANDO ACELERADAMENTE! https://t.co/CPRTJt0m6m""]",
user_53451515,"The user is a concerned citizen of Curitiba, Brazil, actively following and discussing the local impact of the COVID-19 pandemic. They are critical of government handling of the crisis and often share personal anecdotes related to the disease.","The user has a serious and somewhat cynical tone, frequently expressing frustration with political and medical responses to the pandemic while maintaining an empathetic stance towards those affected by it.",53451515,20,"[""Com a atual curva da Covid-19 no estado, eu acho que a gente poderia fazer o Campeonato Paranaense, sei lá, na Austrália ou Nova Zelândia"", ""Sete em cada dez leitos de UTI da Covid-19 estão ocupados hoje em Curitiba, mas a cidade está igual ao Tom nesse vídeo... https://t.co/UhTeHM8DfY"", ""20 de junho de 2020: o dia em que Curitiba passou a ter mais mortes por Covid-19 do que dias de pandemia"", ""Começo da pandemia: só falam em Covid agora, dos 60 mil mortos da violência ninguém diz nada... Pandemia agora: ridículo ficar comparando esses números!"", ""@enchantedmoura @marinapilato Ela te salvando do corona e você mandando esse emoji"", ""Hoje eu entrei no Uber e o motorista passou parte do trajeto me contando sobre a inspiração de um paciente de Maringá que venceu a Covid-19 após 50 dias de UTI. Só fui ouvindo. Quando estava pertinho do trabalho, contei para ele que o paciente era meu tio..."", ""Se Thanos tivesse criado um vírus para matar metade da população mundial ao invés de fazer tudo com um estalo, teria tido sucesso no plano https://t.co/yA5NlEr0aS"", ""Faaala seus hidroxicloroquina não deve ser usada em nenhuma fase do tratamento da Covid-19"", ""Vírus maldito"", ""Temos 87 mil mortos pela Covid-19 no Brasil, mas é mais fácil atestar a eficiência de um medicamento por causa de uma pessoa que mente quase todos os dias na TV"", ""Eu vi Skank em dezembro na Pedreira. Saudades de quando a gente não tinha coronga"", ""Hoje eu entrei no Uber e o motorista passou parte do trajeto me contando sobre a inspiração de um paciente de Maringá que venceu a Covid-19 após 50 dias de UTI. Só fui ouvindo. Quando estava pertinho do trabalho, contei para ele que o paciente era meu tio..."", ""Como eu disse ontem, é óbvio que os números do Governo Maduro são pra lá de questionáveis, mas mesmo assim chama a atenção que a \""capital modelo\"" agora tenha mais casos confirmados e mais do que o dobro de mortes por Covid-19 que a Venezuela https://t.co/IMsaDltktj"", ""Sabe a semelhança entre o Brasil divulgar os números totais das mortes por Covid-19 e os números de apenas 24 horas? Continua sendo um número muito maior que as mortes totais na Argentina"", ""Temos 87 mil mortos pela Covid-19 no Brasil, mas é mais fácil atestar a eficiência de um medicamento por causa de uma pessoa que mente quase todos os dias na TV""]",
user_56219067,"The user is a concerned citizen engaged in discussions about the COVID-19 pandemic, focusing on public health measures, scientific developments, and societal changes post-pandemic. They are particularly interested in testing strategies, vaccine research, and the broader implications of the crisis.","The user has a serious and informed tone, often linking to relevant articles and data sources. They interact with others by sharing information and engaging in discussions about health policies and scientific advancements.",56219067,20,"[""Não voltaremos ao normal até haver uma vacina ou medicamento eficaz. Um “seminormal” depende de estratégia baseada em assistência e testes para COVID-19. Sem liderança não há plano. Sem testagem em massa seguimos entre o isolamento sem data para terminar e o negacionismo suicida"", ""A equipe do professor Amilcar Tanuri da UFRJ lançou uma campanha de doação de recursos, visando o aumento de testagens para a COVID-19. A meta é executar 55 mil testes em 90 dias! Para saber como doar: https://t.co/fWrnYtwEpx https://t.co/3xQWZlQraa"", ""Alguns ainda não levam a sério a COVID-19 - ignorando a recomendação da OMS de evitar reuniões de massa. O presidente do Brasil, Jair Bolsonaro, foi fortemente criticado por especialistas em saúde e enfrenta reação pública. Está no Editorial da @TheLancet https://t.co/AzBWkPab9x"", ""Casca de chinchona, quinino... Remédios contra malária, doença causada pelo parasita Plasmodium, também foram aposta nos tempos de gripe espanhola, pandemia causada por um vírus, assim como a COVID-19."", ""Resultados preliminares, precisam de confirmação mas primeiras evidências sugerem que pessoas de tipo sanguíneo A teriam maior risco de infecção por COVID-19 do que de outros grupos. Sem efeito de gênero e idade nessa distribuição. https://t.co/SL1hOySU1h"", ""Está diferente da época do zika. Agora, além do ritmo frenético, há muito mais incertezas e óbitos. O @canalmeio traz comentário sobre o cotidiano dos cientistas que buscam compreender a COVID e mitigar os estragos da pandemia. https://t.co/xw0bHjyZSZ"", ""Por conta do HIV tivemos que aprender a praticar sexo seguro. Com o Sars-Cov-2 teremos que aprender a praticar o convívio seguro. Atividades ao ar livre com distanciamento parecem ok, proximidade em ambientes pequenos e fechados trazem alto risco. https://t.co/zM7ufmeQSu"", ""COVID-19, incidência nacional: 160 casos/milhão de habitantes. Há 12 cidades acima da incidência nacional, e 10 abaixo. Fonte: secretarias estaduais de saúde, 17/04/2020 https://t.co/AzXDjmN7cK"", ""A proibição na China de comer e comercializar animais selvagens pode se tornar lei permanente. É o mundo pós-COVID-19. https://t.co/kIKUqoaCdi"", ""É o Covid-pass"", ""O que deve mudar após a COVID-19? Valorização da ciência, professor, imprensa, sistema público de saúde e renda mínima universal. Mais atenção à higiene e saúde mental, aprimoramento do teletrabalho, ensino à distância e comércio online, formas de cumprimentar, muitas máscaras."", ""Dicas para manter a saúde mental com @ronald_fischer. Pais com crianças pequenas. https://t.co/jP1HxjgnTp"", ""10% de positivos para COVID-19 entre profissionais de saúde e amostras de pacientes recebidas de hospitais públicos. #UFRJ fazendo a diferença na testagem. Meta chegar a 10 mil testes/mês. Obrigado ao grande Amilcar Tanuri e Instituto de Biologia. https://t.co/OXRbthsJoe"", ""É preprint, testes somente em animais, mas resultados são promissores. A vacina PiCoVacc induziu a produção de anticorpos contra 10 variantes de Sars-Cov-2 em camundongos, ratos e macacos. Imunização com 2 doses. Aparentemente segura. Só a ciência salva! https://t.co/nShBSCFvUw"", ""Curiosidades inúteis sobre mim (2/2) A única vez que preparei caipirinha na vida foi para um prêmio Nobel Sem querer já engoli uma moeda Fiquei preso num apê em Paris por causa de um gato O dia que nos livrarmos dos 2 vírus que destroem o Brasil farei uma nova tatuagem""]",
user_59941951,"The user is concerned about the spread of misinformation related to COVID-19 and criticizes government actions during the pandemic. They are scientifically inclined but skeptical of certain treatments like hydroxychloroquine and cloroquine, while also expressing frustration with political leaders' handling of the crisis.","The user has a critical and analytical tone, often engaging in debates about health policies and scientific facts related to COVID-19. They are likely to interact defensively when confronted with misinformation or conspiracy theories.",59941951,20,"[""@correio \""Eu pensava que a covid não existia, Até eu ficar doente. COVID-19 NÃO É UMA DOENÇA SIMPLES! É pesado....\"", escreveu. Se existe chance de ter o destino desse cara, fico em casa e evito perpetuar a cadeia de transmissão."", ""@djferox @correio Você leu que em toda a matéria eles mencionam o risco desses medicamentos no \""tratamento do Covid-19\"", certo? Não há uma conspiração contra a cloroquina e hidroxicloroquina. O que estão pedindo é parcimônia no uso desses medicamentos pois possuem efeitos colaterais sérios."", ""@correio \""Eu pensava que a covid não existia, Até eu ficar doente. COVID-19 NÃO É UMA DOENÇA SIMPLES! É pesado....\"", escreveu. Se existe chance de ter o destino desse cara, fico em casa e evito perpetuar a cadeia de transmissão."", ""\""Parabéns\"" a todos que ainda apoiam esse desgoverno. 👏😐 Se vc está de saco cheio dessa pandemia, saiba que o problema não é só o vírus, mas a burrice dos nossos representantes. Se você os apoia, você é tão burro, senão pior. 👌 https://t.co/GhkVIsOZBw"", ""@correio Brasil teve tempo de sobra p fazer isso antes da pandemia chegar por aqui, mas resolveu esperar e deixar rolar. Reabriu tudo, fingiu que não existia mais vírus e até tentou reabrir as todas as escolas públicas. Antes eu iria aplaudir essa notícia, agora não é mais q obrigação. 🤷🏻‍♂️"", ""@correio \""A pesquisa reforça a tese de q a covid-19 pode ser transmitida pelo ar...\"". É interessante interpretar o texto antes de dizer q era uma informação sabida e de q a notícia é irrelevante. Estudos sempre são bem vindos. É com isso q sabemos q cloroquina não serve pra Covid-19."", ""Revoltante demais. Depois ele vem falando em pronunciamento que tá se importando e combater o vírus. 🙄 https://t.co/t4XyoucNZR"", ""@correio \""Este vírus, inofensivo para humanos, mas fatal para suínos, foi detectado em quatro javalis encontrados mortos e em outro animal doente que foi sacrificado...\"" Recomendo ler toda a matéria pra não se preocupar atoa."", ""@jairmearrependi A ideia do asno é q como não tem jeito de fugir do vírus (q \""agora EXISTE\"" , mas antes era \""só UMA GRIPEZINHA\"") e como 70% vai pegar, então ele não faz nada, fica só passeando e falando suas besteiras diárias. O IDIOTA NÃO ENTENDEU Q DA PRA FAZER MUITA COISA PRA SALVAR VIDAS. 😡"", ""@correio Com a quarentena é óbvia a diminuição por leitos nos hospitais, tanto pela Covid-19 quanto por outras causas. Agora dizer que vai aguentar o pico da demanda hospitalar num país sem testes e que já tá querendo abrir todo o comércio é outra história. Não podemos agir sem testes."", ""@correio Uma coisa é você abrir locais onde as pessoas ainda têm o direito de querer ir ou não (mesmo achando que não deveriam). Outra é você reabrir escolas onde até surtos de piolho nunca foram extintos. Fechar os olhos pro vírus é a burrice do século."", ""Se isso for verdade e virar pandemia, não precisamos nos preocupar, pois o Brasil já tá quase livre da Covid-19 graças a máscara no queixo e muita cloroquina e ivermectina. Pode vir que vai ser um sucesso. 👌 #sarcasmo (melhor explicar pq o QI da galera tá meio ruim ultimamente) https://t.co/iAJkn3Nk8z"", ""@correio \""A pesquisa reforça a tese de q a covid-19 pode ser transmitida pelo ar...\"". É interessante interpretar o texto antes de dizer q era uma informação sabida e de q a notícia é irrelevante. Estudos sempre são bem vindos. É com isso q sabemos q cloroquina não serve pra Covid-19."", ""@correio Basta analisar a situação dos outros países e botar alguns neurônios pra funcionar pra entender q não tem previsão alguma pra fim de quarentena até q uma solução realmente efetiva exista contra o vírus. Nem adianta desenhar mais. Burrice virou doença e precisa de tratamento. 🤷‍♂️"", ""@correio Todo mundo tem um computador em mãos mas por preguiça não procura a informação que presta. Se tivesse estudado saberia que a máscara de pano (ou a dela de tricô) NÃO PROTEGE DO VÍRUS, mas são uma forma de diminuir a transmissão, juntamente com o distanciamento social. #darwin""]",
user_600473295,"The user is a Brazilian concerned citizen engaged in discussions about the coronavirus pandemic, focusing on mortality rates, vaccine concerns, and socio-political aspects of the crisis.","The user has a critical and analytical tone, often engaging in debates and questioning official narratives. They are passionate about public health issues and frequently shares information from various sources.",600473295,20,"[""Pq morre menos gente de corono virus nos domingos ?"", ""Em média morreram 100pessoas/dia no Brasil de covid-19. Para sabermos se está morrendo muita gente ou não a gente precisa comparar com outros causas de mortes... enquanto isso não for feito não da para saber a real gravidade da situação"", ""@anamjferreira @RenataMiani @vitogemaque @lauraabcarvalho @monicabergamo A quarentena é de extrema importância, aqui no RJ vai prolongar por +15. Acredito que o caso de reabertura depende muito da cidade e de como ta o virus. Aqui onde eu moro não é o momento de abrir nada"", ""Prevêem 50 mil mortes por corona no Brasil até o fim da pandemia Morrem 43 mil de gripe por mes no brasil"", ""O milagre do corona virus https://t.co/9X9o2OHsSk"", ""Pq morre menos gente de corono virus nos domingos ?"", ""@MiguelNicolelis @veramagalhaes Qual a % de mortalidade do virus ?"", ""Nas vacinas de corona virus é utilizado a celular HEK-293 Joga no google e vê a belezinha que vocês estão sedentos para jogar dentro do corpo de vocês"", ""1 morte por covid hoje...."", ""@thairodriguesm É deus higienizando... nao tem virus que sustente"", ""O que torna a taxa de letalidade do virus bem menor do q a indicada.... https://t.co/WnY8Prz9CO"", ""@lucasrohan @EuclidesFla Acabou o corona virus GRACAS A DEUS"", ""@math_pimentel26 Ue... é a verdade O vírus mata como qualquer pneumonia.. asssuta pq é novo Mas se tu comparar com a pnuomonia que mata 1,5 milhões por ano o covid ta fazendo o curso normal de complicações da gripe de todos os anos"", ""Imagina se o @ptbrasil devolvesse os 500 milhões que esta em paraiso fiscal para ajudar no combate ao corona virus"", ""A partir de hoje eu só respeito quem chama covid de arma biológica""]",
user_71798355,"The user is a Brazilian individual deeply affected by the COVID-19 pandemic, sharing personal experiences and concerns about health, mental well-being, and societal reactions. They often discuss vaccine skepticism and government policies related to the pandemic.","The user has a somber yet resilient tone, expressing frustration with the pandemic's impact on their life and society at large. They engage in discussions with a mix of personal anecdotes and critical observations, often addressing health misinformation and government actions.",71798355,20,"[""laurinha vai acabar com a pandemia do coronga lançando esse ep https://t.co/nV1cAskdd9"", ""ontem completei 2 meses em casa, sem ver meus amigos, sem sair, me privando da vida. ainda assim estou no 3º dia com covid, meu irmão está com covid e meu pai também está e foi pro hospital hoje. vocês não tem noção do ódio que me dá de ver uma coisa dessas. https://t.co/wPIZuMwnf8"", ""a covid tem deixado meu psicológico tão abalado que às vezes faço umas coisas e penso \""será se é a última vez que to fazendo isso?\"" nada é pior do que os traumas psicológicos e dores da perda que essa pandemia tá deixando em muita gente"", ""2) essa foi trilha na minha cabeça no pior momento de 2020 pra mim: mês de abril com a pandemia e várias incertezas, meu aniversário de 24 anos longe de todos e logo depois peguei covid. mas ela me ajudou a sair dessa... https://t.co/wdVbBBJ1SQ"", ""essa curvada do guedes ele ta rindo ou ta tossindo com corona? vem ai https://t.co/D2RFpcqnfY"", ""0 reações com astra dose 1 e 0 reações com dose 2. acho que já tive covid tantas vezes que os anticorpos devem entrar no meu corpo tipo \""que que eu tô fazendo aqui?\"" https://t.co/Y2DZ7eL0ax"", ""essa curvada do guedes ele ta rindo ou ta tossindo com corona? vem ai https://t.co/D2RFpcqnfY"", ""@aureodemelo e mais, mesmo os que aglomeraram, desrespeitaram, se contaminaram e infelizmente foram parar numa UTI, pra esses a gente so podemos desejar uma boa recuperação. banalizar eles estarem doentes em situ ruim com covid se equipara a quem banaliza a pandemia"", ""a covid tem deixado meu psicológico tão abalado que às vezes faço umas coisas e penso \""será se é a última vez que to fazendo isso?\"" nada é pior do que os traumas psicológicos e dores da perda que essa pandemia tá deixando em muita gente"", ""retirando, claro, o critério de quem esteve com covid durante a primeira chamada. não sendo isso simplesmente não tem uma desculpa plausível"", ""poxa gente o corona me pegou 🙁 mas tô bem https://t.co/2B5PUclIUk"", ""@diaskyron mas, querendo ou não, eles têm contato externo sim. a produção passa por lá, roupas de cama são trocadas e etc, tudo manuseado por pessoas de fora que podem ter o vírus"", ""a incrível capacidade de mamãe em não conseguir falar covid e sim covit"", ""@DanielCorsan eu tive bastante quando tive covid, é um sintoma típico até ☹️ toma bastante chá (já que só beber água pode dar bastante desconforto e gastura) e melhoras!!!"", ""@mariapaulas_s @caos1nfinito @carloselula cara, isso foi recente? pq lá desde abril está sendo emergência exclusiva para Covid e ambulatorio para tratamento pós-Covid (quem ficou com sequelas). sou assessor de comunicação da Semus 😬""]",
user_723674931695902720,"The user is interested in Brazilian politics and the impact of the COVID-19 pandemic, often sharing news articles related to government actions, health measures, and vaccine misinformation. They frequently mention President Bolsonaro and express skepticism towards certain treatments like hydroxychloroquine.","The tone is critical and politically charged, with a focus on disseminating information from various sources, including mainstream media and social commentary sites. The user engages in discussions about government policies, health measures, and the broader implications of the pandemic.",723674931695902720,20,"[""Brasil tem 849 mortes por Covid-19 em 24 horas, segundo consórcio de veículos de imprensa https://t.co/ZTluKHvuD9 via @ConversaAfiada"", ""Bolsonaro diz que seu exame para Covid-19 deu positivo https://t.co/ATAZRBxqJG"", ""Brasil se acerca dos 400.000 casos de covid-19, com projeções de que chegará a 100.000 mortos em agosto via @elpais_brasil https://t.co/z2p0RlgN3n"", ""Hidroxicloroquina não é eficaz na prevenção da Covid-19, diz estudo https://t.co/STI6G4r7J8 via @VEJA"", ""Pneumologista referência no país se cura de Covid-19: 'Não me tratei com cloroquina e não receitaria a nenhum paciente' https://t.co/n6zRLaP0mB"", ""Bolsonaro diz que seu exame para Covid-19 deu positivo https://t.co/ATAZRBxqJG"", ""A tragédia era evitável: os países que controlaram a covid-19 e reativaram a economia https://t.co/s0UP5BGRVh"", ""R$ 80 bi de verba da Covid em 2020 ficam parados, e parte segue represada https://t.co/XO3p6kjZ43"", ""Em camelôs do Rio, já tem vacina falsa contra covid sendo vendida por R$ 50 @UOLNoticias @UOL https://t.co/kC13mFbNxf"", ""Obituário do Bolsonaro informa: 120.262 mortes por Covid-19 até este sábado (29/08) https://t.co/Iqwnelp5zv"", ""Vaticano permite o uso de vacinas contra Covid-19 feitas com tecido de fetos abortados https://t.co/GElXkD50RQ"", ""Covid-19: governo antecipa restrições e DF entrará em lockdown à meia-noite https://t.co/0MOr3HcDMX"", ""Caminhoneiro bolsonarista que dizia que covid-19 era \""politicagem\"" morre da doença em MT https://t.co/U78rCafcXL"", ""Morto com covid-19, senador Arolde de Oliveira lançou Flordelis na política https://t.co/15Ar25dKYI"", ""França suspende uso da cloroquina para tratamento da Covid-19 - CBN https://t.co/pL9cqll0T8""]",
user_75908432,"The user is health-conscious and advocates for regular physical activity, particularly in the context of managing comorbidities like diabetes during the COVID-19 pandemic. They are critical of political figures and policies related to the pandemic, often engaging in discussions about medical misinformation.","The tone is informative and assertive, with a strong emphasis on promoting health through exercise while being skeptical of certain government and political actions regarding public health.",75908432,20,"[""A IMPORTÂNCIA DO CONTROLE GLICÊMICO EM DIABÉTICOS NA COVID-19. . O diabetes tipo 2 é uma das comorbidades relacionadas a sintomas graves e óbito nas infecções caudadas pelo novo #coronavírus. Zhu e cols (2020)… https://t.co/GBvX4kZzpm"", ""Eu estou no meio dos dados! ❤️❤️ 💪🏼💪🏼 Repost @CExercicio 🚴🏼🏃🏽‍♂️ Realizar 150 min/semana de atividade física de intensidade moderada e/ou 75 min/semana de atividades intensas reduz a prevalência de internação hospitalar pela #covid_19 em 34,3%. (CONTINUA) V V V https://t.co/sObVEfmNTR"", ""A atividade física deve ser tão promovida quanto o isolamento social. ENTRAMOS EM DUAS PANDEMIAS: COVID-19 E INATIVIDADE FÍSICA. https://t.co/VWazqBVE1X"", ""Senador Luís Carlos Heinze, PARA CAGAR PELA BOCA! Cloroquina é usada em #chicungunha contra a ação reumática da doença, NÃO PARA ELIMINAR O VÍRUS!"", ""O dia D foi ver o Bocó apagar os posts em que ele insistia no uso da cloroquina para prevenção e tratamento da #covid_19. Estou pra ver #ForaBolsonaro mais cara de pau. https://t.co/TkVtdOmNUr"", ""O gado criticando que Renan Calheiros está na CPI da covid. Mas contra a Dilma, o Cunha não era o “Malvado Favorito” 🤷🏻‍♂️ Cuidado sempre para não cuspir pra cima, amadinhos."", ""@SenadoFederal @renancalheiros sobre a campanha O BRASIL NÃO PODE PARAR? O Wajngarten disse que esteve afastado da Secom por causa da covid na ocasião. Mas na live com o Eduardo Bolsonaro, ele disse que trabalhava normal, inclusive com a Secom e aprovado campanhas! https://t.co/3LuuCSeXvx"", ""A OMS acaba de aprovar mais uma vacina para uso emergencial: a vacina da Sinopharm (vírus inativado). As outras vacinas já aprovadas pela OMS p uso emergencial são as da Pfizer/BioNTech, Astrazeneca, Janssen/J&amp;J e Moderna. https://t.co/GDc5Yp2kav"", ""Atividade física é MUITO importante durante essa pandemia. NÃO FIQUEM SEDENTÁRIOS! Porém não é cura, não evita contaminação, não existe histórico de atleta (estudos avaliaram prática de atividade física ATUAL). #covid_19 https://t.co/mUepR53hcN"", ""Hoje é #diaMundialdaAtividadeFísica Você já se exercitou hoje? Evite comorbidades associadas a maior gravidade da #covid_19 https://t.co/2gjyuPmIRW"", ""#Obesidade e #Diabetes na covid-19. Sabemos que o #exercíciofísico pode diminuir a gravidade de sintomas em diversas infecções. Porém, nada está estabelecido com relação ao novo #coronavírus. Mas o exercício pode… https://t.co/tANEjPHr79"", ""washingtonpost relatando mortes por acidentes vasculares em indivíduos jovens e de meia-idade atingidos por #coronavírus. Como já comentado aqui no feed e nos stories, há um entendimento de que esse não é um vírus… https://t.co/xbqJwkMmTf"", ""Deixa eu ver se entendi... na CPI da covid-19 não pode aglomerar. Para apoiar o papai, aí o povo pode se expor. Essa galera é uma cambada de trouxa mesmo. Escrevam na testa: OTÁRIOS. https://t.co/k5arO5CdBQ"", ""washingtonpost relatando mortes por acidentes vasculares em indivíduos jovens e de meia-idade atingidos por #coronavírus. Como já comentado aqui no feed e nos stories, há um entendimento de que esse não é um vírus… https://t.co/xbqJwkMmTf"", ""Hoje é #diaMundialdaAtividadeFísica Você já se exercitou hoje? Evite comorbidades associadas a maior gravidade da #covid_19 em Brooklin São Paulo Z.sul https://t.co/Ah1c0mkZdE""]",
